slug	attribution_class	novel	novelty_markers	rules_wc	attribution_verbatim
dark-chess	unverifiable	YES	hidden-info	140	Modern variant. Distinguished from Fog of War by its stricter visibility rules. Public domain.
poison-chess	unverifiable	YES	timed-effect;status-effect	91	Modern variant. Public domain.
berserk	unverifiable	YES	multi-move	84	Modern variant, popularised on online chess platforms (2000s). Public domain rules.
immunization-chess	unverifiable	YES	timed-effect;status-effect	78	Modern variant. Public domain.
crazyhouse	unverifiable	YES	drops	76	Traditional variant. Derives from Shogi's drop mechanic applied to Western chess. Popularised on Lichess and FICS. Public domain.
teleport-chess	unverifiable	YES	teleport	74	Modern variant. Public domain.
marseillais	unverifiable	YES	multi-move	73	Originated in Marseille, France, early 20th century. Public domain.
medusa-chess	unverifiable	YES	timed-effect	73	Modern variant. Public domain.
monster-chess	unverifiable	YES	multi-move	60	Traditional variant. Public domain.
romanchenkos-chess	unverifiable	YES	multi-move	40	Romanchenko's Chess was created by Soviet chess trainer V. Romanchenko. Jocly implementation by Michel Gutierrez and Jérôme Choain. Source: chessvariants.com/play/jocly/romanchenko-chess
standard	unverifiable			419	Origins in 6th-century India (Chaturanga). Modern rules standardised by FIDE. Public domain.
dragon-chess	unverifiable			146	Dragon Chess was created by Grandmaster Miguel Illescas. Rules documented from pychess.org/variants/dragon.
atomic	unverifiable			116	Traditional variant. Popularised on Lichess and Chess.com. Public domain.
cylinder-chess	unverifiable			112	Traditional variant with roots in 19th-century chess composition. Public domain.
no-retreat	unverifiable			105	Traditional variant, 20th century. Public domain.
progressive	unverifiable			97	Traditional variant (Italian Progressive rules). Public domain.
rifle	unverifiable			95	Traditional variant. Also known as "Stationary Capture Chess." Public domain.
makpong	unverifiable			85	Traditional Thai variant of Makruk. Public domain.
displacement-chess	unverifiable			77	Modern variant. Public domain.
shatar	unverifiable			77	Traditional Mongolian chess. Played for centuries in Mongolia. Public domain.
xiang-fu	unverifiable			77	Xiang Fu was designed by Eventlesstew for the PyChess Variant Design Contest. Board corrected to 9×9 (not 9×10 as originally described). Rules documented from pychess.org/variants/xiangfu.
makruk	unverifiable			75	Traditional Thai chess. Played for over 500 years in Thailand. Public domain.
giveaway	unverifiable			71	Traditional variant. Also known as "Giveaway Chess." Public domain.
half-chess	unverifiable			70	Traditional mini-chess variant. Public domain.
antichess	unverifiable			69	Also known as "Losing Chess," "Giveaway Chess," or "Suicide Chess." Traditional variant, 19th century. Public domain.
codrus	unverifiable			66	Named after King Codrus of Athens. Traditional variant. Public domain.
recruitment-chess	unverifiable			66	Modern variant. Public domain.
omnicide	unverifiable			65	Modern variant. Distinct from Antichess by the absence of forced captures. Public domain.
glinski	unverifiable			61	
upside-down	unverifiable			60	Traditional variant. Public domain.
horde	unverifiable			59	Popularised on Lichess. Public domain.
hoppel-poppel	unverifiable			58	Traditional German variant. The name means "Hippety-Hop" in German. Public domain.
suicide-chess	unverifiable			56	Traditional variant. Public domain.
diana	unverifiable			49	Traditional variant, 19th century. Public domain.
torpedo	unverifiable			48	Variant popularised on Lichess. Public domain.
petty	unverifiable			47	Traditional small chess variant. Public domain.
legan-chess	unverifiable			46	Named after Vladimír Legan. Public domain.
five-check	unverifiable			45	Traditional variant (extension of Three-Check). Public domain.
maharaja	unverifiable			43	Traditional Indian variant ("Maharaja and the Sepoys"), 19th century. Public domain.
stalemate-wins	unverifiable			39	Traditional rule modification. Public domain.
single-check	unverifiable			38	Traditional variant. Public domain.
endgame-chess	unverifiable			35	Traditional variant. Public domain.
peasants-revolt	unverifiable			35	Traditional asymmetric variant. Public domain.
sittuyin	unverifiable			34	Traditional Burmese chess, played for centuries in Myanmar. Public domain.
pawns-only	unverifiable			28	Traditional variant. Public domain.
de-vasa	unverifiable			16	Helge E. de Vasa. Public domain rules.
mccooey	unverifiable			16	Dave McCooey. Published on chessvariants.com. Public domain rules.
shafran	unverifiable			16	Boris Shafran. Public domain rules.
king-of-the-hill	unverifiable			14	Popularised on Lichess and Chess.com. Public domain.
three-check	unverifiable			14	Traditional variant. Popularised on Lichess. Public domain.
amazon-chess	unverifiable			12	Traditional fairy chess piece. Variant is public domain.
brusky	unverifiable			12	Yakov Brusky. Public domain rules.
chigorin	unverifiable			11	Named after Mikhail Chigorin. Variant design is traditional. Public domain.
asean	unverifiable			0	Codified by the ASEAN Chess Federation for regional competitive play. Public domain rule set.
blind-chess	unverifiable			0	Banqi is a traditional Chinese game. Rules from en.wikipedia.org/wiki/Banqi.
chak	unverifiable			0	Designed by Corey Clark. Published via Shogun of Games. Official rules at shogunofgames.com. Public domain rule set.
chennis	unverifiable			0	Designed by Corey Clark. Published via Shogun of Games. Public domain rule set.
cylindrical-chess	unverifiable			0	
four-handed-chess	unverifiable			0	
khans-chess	unverifiable			0	
mansindam	unverifiable			0	
metamachy	unverifiable			0	
omega-chess	unverifiable			0	
orda-mirror	unverifiable			0	Designed by Corey Clark. Published via Shogun of Games. Official rules at shogunofgames.com. Public domain rule set.
ouk-chaktrang	unverifiable			0	Traditional Cambodian game. Modern competitive rules codified by the Asian Chess Federation. Fully public domain.
placement-chess	unverifiable			0	Bronstein version attributed to David Bronstein, Soviet-era grandmaster and chess theorist. CVP version published on the Chess Variant Pages (chessvariants.com). Public domain rule sets.
senterej	unverifiable			0	
shinobi	unverifiable			0	Designed by Corey Clark. Published via Shogun of Games. Official rules at shogunofgames.com. Public domain rule set.
shogun	unverifiable			0	Designed by Corey Clark. Published via Shogun of Games. Official rules at shogunofgames.com.
stupidhouse	unverifiable			0	Stupidhouse is a Bughouse variant documented on chessvariants.com.
synochess	unverifiable			0	Designed by Corey Clark. Published via Shogun of Games. Official rules at shogunofgames.com.
tamerlane	unverifiable			0	
fog-of-war	named	YES	hidden-info	138	Jens Bæk Nielsen and Torben Osted, 1989. Popularised on Chess.com. Public domain rules.
benedict	named	YES	conversion	115	C. S. Elliott, 1971. Named after Benedict Arnold. Public domain rules.
duck-chess	named	YES	drops	92	Dr Tim Paulden, 2016. Public domain.
andernach	named	YES	conversion	89	Created for a chess composition event in Andernach, Germany, 1993. Public domain rules.
einstein-chess	named	YES	mutation	74	Invented by B. Iqbal, 2005. Public domain.
dice-chess	named			143	Ancient origins (11th–14th century Europe, earlier roots in India/Burma). Modern codification by Anne Sunnucks, *The Encyclopaedia of Chess*, 1970. Public domain.
grid-chess	named			139	Walter Stead, 1953. Published in fairy chess circles. Public domain.
madrasi	named			128	Abdul Jabbar Karwatkar, 1979. Named after his home city of Madras (now Chennai), India. Public domain rules.
orda-chess	named			108	Designed by Couch Tomato (2020). Popularised on Pychess. Public domain.
patrol	named			105	Frederik Hendrik von Meyenfeldt, 1975. Public domain rules.
extinction	named			89	R. Wayne Schmittberger, 1985. Public domain.
checkless	named			71	Traditional variant. Earliest documented reference in Max Lange, 1857. Public domain.
los-alamos	named			61	Paul Stein and Mark Wells, Los Alamos National Laboratory, 1956. Public domain.
grand	named			58	Christian Freeling, 1984. Public domain.
knightmate	named			55	Bruce Zimov, 1972. Public domain.
gustav-iii-chess	named			51	Created by Gustav Johan Billberg, 1839. Jocly implementation developed by Michel Gutierrez and Jean-Louis Cazaux. Source: chessvariants.com/play/jocly/gustav3-chess
berolina-chess	named			50	Invented by Edmund Hebermann in Berlin, 1926. Public domain.
minichess	named			46	Martin Gardner, 1969 (Scientific American). Public domain.
capablanca	named			44	José Raúl Capablanca, c. 1920. Public domain.
fischer-random	named			37	Bobby Fischer, 1996. Public domain.
racing-kings	named			28	Vernon R. Parton, 1961. Public domain.
no-castling	named			24	Proposed by Vladimir Kramnik, 2019. Tested at Chess.com events. Public domain.
courier	named			23	First documented 1202 (Wirnt von Gravenberg). Public domain.
almost-chess	named			16	Ralph Betza, 1977. Public domain.
mini-hexchess	named			13	Dave McCooey, 1997. Published on chessvariants.com. Public domain rules.
breakthrough	named			0	Dan Troyka, 2000. Public domain.
empire	named			0	Designed by Corey Clark. Published 2019. Rules available via Shogun of Games and Lichess. Public domain rule set.
grasshopper	named			0	Grasshopper invented by T. R. Dawson, *Fairy Chess Review* (1913, problem no. 1). Public domain. Implemented in Fairy-Stockfish and Zillions of Games.
nightrider	named			0	Nightrider piece invented by T. R. Dawson, 1925. Public domain. Rules in the public domain. Implemented in Fairy-Stockfish, Green Chess, and Zillions of Games.
s-chess	named			0	Designed by Yasser Seirawan and Jonathan Tisdall. Publicly released 2007. Open rules available at seirawanchess.com. Public domain rule set.
shako	named			0	Designed by Jean-Louis Cazaux. Published 2000. Cazaux, J.L. and Schmittberger, R., “A World of Chess,” McFarland, 2017. Public domain rule set.
shinobiplus	named			0	Shinobi Chess+ was designed by Couch Tomato (2021). Rules documented from pychess.org/variants/shinobiplus.
spartan	named			0	Designed by Steven Streetman. Published 2010. Official rules at spartanchess.com. Public domain rule set.
ultima	named			0	Designed by Robert Abbott. Published in 1962 in Abbott’s New Card Games. Public domain.
absorption	resolvable	YES	absorption	233	Described in *The Encyclopedia of Chess Variants* by David Pritchard (1994). Also known as Cannibal Chess (though that name more properly refers to the replacement variant where capturing substitutes movement rather than adding it). Public domain.
turkish-great-chess-ii	resolvable	YES	hidden-info	46	Turkish Great Chess, Variation II (Atranj / Qatranj). Described by H. J. R. Murray in *A History of Chess*; source is Indian. Documented by John Ayer on chessvariants.com/large.dir/greatchessii.html.
turkish-great-chess-iii	resolvable	YES	hidden-info	38	Turkish Great Chess, Variation III. John Gollon's version, sourced from H. J. R. Murray's *A History of Chess*. Documented by John Ayer on chessvariants.com/large.dir/greatchessiii.html.
turkish-great-chess-iv	resolvable	YES	hidden-info	36	Turkish Great Chess, Variation IV. John Gollon's version, sourced from H. J. R. Murray's *A History of Chess*. Documented by John Ayer on chessvariants.com/large.dir/greatchessiv.html.
weak	resolvable			124	Ralph Betza, 1970s–80s. Published in *NOST-algia* newsletter. Public domain.
vierschach	resolvable			117	Invented by Dr. G. Arthur Lutze (1813–1870). Documented by Theodor Müller-Alfeld and Heinz Machatscheck. Rules documented from chessvariants.com/multiplayer.dir/vierschach.html (Jörg Knappen, 2002).
los-alamos-vierschach	resolvable			110	Los Alamos Vierschach was designed by Jörg Knappen as a non-competing entry to the 84 Squares Contest. HTML by Hans Bodlaender. Source: chessvariants.com/large.dir/contest84/losalamos4.html
chaturanga	resolvable			83	Rules transcribed from two sources via the Ludii Game Corpus, Maastricht University: - Manasollasa ruleset, citing Bock-Raming 1996 (Sanskrit scholarship on the 12th-century Manasollasa text) - al-Adli ruleset, citing H.J.R. Murray, *A History of Che
fanorona-chess	resolvable			59	Fanorona Chess was created by Peter Aronson, 2004. Source: chessvariants.com/other.dir/fanorona-chess.html
shatranj	resolvable			52	Rules documented in medieval Arabic manuscripts and in H.J.R. Murray, *A History of Chess* (Oxford University Press, 1913). Public domain.
balbos-chess	resolvable			47	Balbo’s Chess by M.G. Balbo, 1974. Documented at chessvariants.com/shape.dir/balbo.html (Hans Bodlaender and Fergus Duniho, from Pritchard’s *Encyclopedia of Chess Variants*).
spherical-chess	resolvable			40	Spherical Chess is a family of chess variants invented independently multiple times between 1950 and 2014. Surveyed by Fergus Duniho. Source: chessvariants.com/boardrules.dir/spherical.html (last modified July 29, 2021).
klein-bottle-chess	resolvable			23	Klein Bottle Chess invented by Alberto Monteiro. Source: chessvariants.com/shape.dir/x_klein.html (mirrored at oocities.org/albmont/x_klein.htm, which includes the fuller technical description used for this rewrite). Related to Möbius Strip Chess and
mobius-strip-chess	resolvable			23	Möbius Strip Chess invented by Alberto Monteiro. Source: chessvariants.com/shape.dir/x_moeb.html.
alice	resolvable			0	Alice Chess, invented by V. R. Parton, 1953. Published in *Alices Abenteuer im Schachland* and referenced in Hooper &amp; Whyld, *The Oxford Companion to Chess* (1987, p. 10) and Pritchard, *Encyclopedia of Chess Variants* (1994, pp. 3–5). Public dom
anti-king-chess-2	resolvable			0	
archchess	resolvable			0	Archchess (*Arcisacchiere*) by Francesco Piacenza, 1683. Rules documented at chessvariants.com/historic.dir/arch.html (Hans Bodlaender, from Gollon via Greenwood, 1997).
avalanche	resolvable			0	
birds-chess	resolvable			0	
byzantine-chess	resolvable			0	
carrera	resolvable			0	
centennial-chess	resolvable			0	Centennial Chess was created by John William Brown. Entry in the 1999 Large Variant Contest. Source: chessvariants.com/large.dir/contest/cenchess.html
chancellor-chess	resolvable			0	Chancellor Chess by Ben Foster, published 1889. Rules from chessvariants.com/large.dir/chancellor.html (Hans Bodlaender, 1997).
circular-chess	resolvable			0	
citadel-chess	resolvable			0	Citadel Chess documented at chessvariants.com/historic.dir/citadel.html (Hans Bodlaender, from Gollon/Murray/Pritchard).
congo	resolvable			0	Congo was invented by Demian Freeling in 1982. Rules copyright Mindsports, used with permission. Documented at chessvariants.com/ms.dir/congo.html (by Christian Freeling and Hans Bodlaender).
crazy-38s	resolvable			0	Crazy 38's was designed by Ben Good. Entry submitted to the 38 Squares Contest, January 1998. Source: chessvariants.com/38.dir/crazy/crazy38s.html
delirious-bughouse	resolvable			0	Delirious Bughouse was developed by Alberto Vieira Ferreira Monteiro and Carlos Eugenio Lossio Seiblitz Filho, with earlier assistance from Oscar Luiz Vieira Ferreira and Carlos Vieira Ferreira. Final form achieved around 1984. Source: chessvariants.
djambi	resolvable			0	
flip-chess	resolvable			0	Flip Chess was created by John William Brown, 1999. Described as an 'acclaimed 38 square variant.' Java applet implementation by Ed Friedlander. Source: chessvariants.com/play/erf/FlipChss.html
grande-acedrex	resolvable			0	Grande Acedrex is documented in the *Libro de los Juegos* by Alfonso X of Castile, c. 1283. Rules from chessvariants.com/historic.dir/acedrex.html (Hans Bodlaender, from Murray, Gollon, and Pritchard).
gygax	resolvable			0	Designed by Gary Gygax. Published in *Dragon Magazine* No. 100 (TSR Inc., August 1985), pages 34–40. Game rules are not subject to copyright.  Authoritative secondary source: Edward Jackman with Hans Bodlaender, *Dragonchess*, chessvariants.com (1995
hexapawn	resolvable			0	Hexapawn was invented by Martin Gardner, published in *Scientific American*, March 1962 (reprinted in *The Unexpected Hanging and Other Mathematical Diversions*). Chessvariants.com page written by Robert Price.
hole-chess	resolvable			0	Hole Chess was created by Gary K. Gifford, December 2003. Entry in the Chess Variants 44-Square Contest. Source: chessvariants.com/44.dir/hole-chess.html
hostage-chess	resolvable			0	
janus	resolvable			0	
kriegspiel	resolvable			0	
oblong-chess	resolvable			0	Oblong Chess is a historical Shatranj variant approximately one thousand years old. Written by Hans Bodlaender. Source: chessvariants.com/historic.dir/oblong.html (created November 1995).
pocket-knight	resolvable			0	
raumschach	resolvable			0	
rollerball	resolvable			0	Rollerball by Jean-Louis Cazaux, invented 1999, entered in the 40-squares contest. Rules and starting-position diagram documented at chessvariants.com/40.dir/rollerball/index.html.
shatranj-kamil	resolvable			0	Shatranj Kamil (War Machine version) documented at chessvariants.com/historic.dir/shkam2.html (Hans Bodlaender, from Gollon/Murray). Camel version at chessvariants.com/historic.dir/shkam1.html.
tandem-chess	resolvable			0	Rules documented from chessvariants.com/multiplayer.dir/tandem.html (Hans Bodlaender, 1996; edited John William Brown).
toroidal-byzantine	resolvable			0	Toroidal Byzantine Chess invented by Anatoly Khalfine and Ernst Saperow, circa 1999–2001. Source: chessvariants.org/shape.dir/toroidalbyzantinechess.html, including its overview text and interactive setup diagram. Byzantine Chess foundation: chessvar
toroidal-chess	resolvable			0	Gadsden's Toroidal Chess was invented around 1990 by Richard Gadsden and Phil Roberts. Source: chessvariants.com/other.dir/torus.html, including the inventor's own description and interactive setup diagram.
wildebeest	resolvable			0	Wildebeest Chess designed by R. Wayne Schmittberger. Published in *New Rules for Classic Games* (Wiley, 1992). Rules described as public domain by multiple open-source implementations (Jocly, zrflib). Primary sources: Wikipedia *(Wildebeest chess)*; 
yalta-chess	resolvable			0
draughts	international	unverifiable	YES	hidden-info	150	Traditional variant. Public domain. Rules standardised by the World Draughts Federation (FMJD). Source: FMJD Official Rules, Wikipedia (CC-BY-SA).
draughts	ghanaian	unverifiable	YES	hidden-info	128	Traditional variant. Public domain. Sources: Damii Ghana Draughts History &amp; Rules (gamesfromeverywhere.com, archived via docslide.us); apkpure.com — X Ghanaian Draughts app description (mkisly.bcheckers).
draughts	spantsiretti	unverifiable	YES	hidden-info	118	Traditional variant. Public domain. Sources: Checkers &amp; Draughts Wiki — Portable Draughts Notation article (GameType 41: Spantsiretti, Russian draughts 10×8); mlwi.magix.net — international/Polish checkers variants page; mig0/Games-Checkers repos
draughts	english	unverifiable	YES	hidden-info	115	English Draughts. Public domain. Rules standardised by the World Draughts Federation (FMJD) and the English Draughts Association.
go	phantom-go	unverifiable	YES	hidden-info	85	Variant with active competitive community. Source: Sensei's Library (OPL 1.0).
draughts	turkish-draughts	unverifiable			223	Traditional variant. Public domain. Source: Wikipedia (CC-BY-SA).
draughts	frisian	unverifiable			202	Traditional variant from Friesland, Netherlands. Public domain. Recognised by the World Draughts Federation (FMJD). Source: Wikipedia (CC-BY-SA).
mancala	toguz-korgool	unverifiable			193	Toguz Korgool. Traditional game, Kyrgyzstan and Central Asia. Public domain. Source: Wikipedia (CC-BY-SA); World Intellectual Board Games Federation rules.
shogi	dobutsu	unverifiable			177	Dobutsu Shogi was invented by Madoka Kitao (北尾まどか). Public domain. Rules documented from pychess.org/variants/dobutsu.
shogi	hasami-shogi	unverifiable			144	Hasami Shogi (Variant 1). Public domain. Sources: steventran619/Hasami-Shogi implementation documentation; ryan-gallagher-atx/Hasami-Shogi-Game (OSU CS162 final project); OlliePoole/Hasami-Shogi iOS implementation.
mancala	kalah	unverifiable			130	Kalah. Designed by William Julius Champion Jr., USA, 1940s. Public domain rules. Source: Wikipedia (CC-BY-SA).
draughts	brazilian	unverifiable			127	Traditional variant. Public domain. Governed by the Confederação Brasileira de Jogo de Damas. Source: Wikipedia (CC-BY-SA).
go	standard	unverifiable			122	Traditional game originating in China approximately 4,000 years ago. Known as Weiqi (Chinese), Baduk (Korean), Igo (Japanese). Public domain. Rules standardised by the International Go Federation.
draughts	italian	unverifiable			118	Traditional variant. Public domain. Governed by the Federazione Italiana Dama (FID). Source: Wikipedia (CC-BY-SA).
draughts	russian	unverifiable			118	Traditional variant. Public domain. Governed by the Russian Draughts Federation. Source: Wikipedia (CC-BY-SA).
draughts	czech	unverifiable			115	Traditional variant. Public domain. Source: Wikipedia (CC-BY-SA).
draughts	diagonal	unverifiable			106	Historical variant, documented from at least the 19th century. Public domain. Sources: Ludeme/Ludii — Diagonal Draughts.lud (SHA 9405c8a7, Maastricht University Ludii Project); J.P. Neto, *World Abstract Games* — Checkers page (jpneto.github.io).
shogi	gorogoro-plus	unverifiable			103	Gorogoro+ is a Shogi family variant. Rules documented from pychess.org/variants/gorogoroplus.
go	toroidal-go	unverifiable			95	Variant with active competitive community. Source: Sensei's Library (OPL 1.0).
draughts	canadian	unverifiable			87	Traditional variant. Public domain. Source: Wikipedia (CC-BY-SA).
go	tibetan	unverifiable			82	Traditional Tibetan game (Mig Mang). Public domain. Source: Wikipedia, academic ethnographic sources.
go	stoical	unverifiable			76	Modern variant. Public domain. Source: Sensei's Library.
draughts	spanish	unverifiable			75	Traditional variant. Public domain. Governed by the Federación Española de Damas. Source: Wikipedia (CC-BY-SA).
nukes	asymmetric-powers	unverifiable			75	
go	rengo	unverifiable			73	Traditional team format. Japanese term (連碁). Public domain. Played at the European Go Congress and many club events.
nukes	fallout	unverifiable			71	
go	one-colour	unverifiable			70	Training variant used by professional Go players. Public domain. Source: Sensei's Library.
go	capture-go	unverifiable			69	Teaching variant used worldwide. Public domain. Recommended by all major Go federations as an introductory format. Source: Sensei's Library.
hex	standard	unverifiable			66	
hex	y-game	unverifiable			61	
draughts	thai	unverifiable			56	Traditional variant (Makhos / หมากฮอส). Public domain. Source: Wikipedia (CC-BY-SA).
backgammon	hypergammon	unverifiable			49	Hypergammon. Modern tournament variant, origin unknown (popularised in the 1990s). Public domain rules. Source: Wikipedia (CC-BY-SA).
xiangqi	manchu-plus	unverifiable			48	Manchu Chess is a historical Qing Dynasty game, public domain. The Manchu+ adaptation is documented from pychess.org/variants/manchu.
nukes	siege	unverifiable			39	
asalto	royal-garrison	unverifiable			36	Royal Garrison. Extended variant of Asalto. Victorian board game. Public domain rule set.
hex	y-large	unverifiable			34	
hex	y-small	unverifiable			34	
pachisi	seven-shell	unverifiable			28	Seven-Shell Pachisi. Public domain. Throw table from Wikipedia (CC-BY-SA), Pachisi article, seven-cowrie variant section.
backgammon	nackgammon	unverifiable			25	Nackgammon. Designed by Nick Ballard, USA, 1990s. Public domain rules. Source: Wikipedia (CC-BY-SA).
xiangqi	jieqi	unverifiable			23	Jieqi is a public domain variant of Xiangqi with historical roots. Rules documented from pychess.org/variants/jieqi.
go	13x13	unverifiable			16	Standard board size recognised by all major Go federations. Public domain.
go	9x9	unverifiable			7	Standard board size recognised by all major Go federations. Public domain.
agon	standard	unverifiable			0	
asalto	standard	unverifiable			0	Asalto (Officers and Sepoys). Traditional Victorian board game, published widely from the 1870s. Predecessor: Fox and Geese. Public domain rule set.
backgammon	acey-deucey	unverifiable			0	Acey-Deucey. US military tradition, early 20th century. Public domain. Source: Wikipedia (CC-BY-SA).
backgammon	chouette	unverifiable			0	Chouette. Traditional multiplayer Backgammon format. Public domain. Source: Wikipedia (CC-BY-SA); Bray, Chris — *Backgammon to Win* (rules sections).
backgammon	fevga	unverifiable			0	Fevga. Traditional game, Greece. Part of the Tavli family. Public domain. Source: Wikipedia (CC-BY-SA).
backgammon	nardi	unverifiable			0	Nardi (Long Nardi). Traditional game, Caucasus and Russia. Public domain. Source: Wikipedia (CC-BY-SA).
backgammon	plakoto	unverifiable			0	Plakoto. Traditional game, Greece. Part of the Tavli family. Public domain. Source: Wikipedia (CC-BY-SA).
backgammon	standard	unverifiable			0	Standard Backgammon. Public domain rules. Source: US Backgammon Federation official rules; Wikipedia (CC-BY-SA).
chaupar	standard	unverifiable			0	Chaupar. Public domain. Sources: Wikipedia (CC-BY-SA); mastersofgames.com Chaupar rules (starting positions, super-pieces, split throws, tohd, home order); trackawesomelist Chaupar entry; labforadvancedstudy/books.
dou-shou-qi	standard	unverifiable			0	
dungeon-chess	compact	unverifiable			0	
dungeon-chess	four-player	unverifiable			0	
dungeon-chess	two-player	unverifiable			0	
econopoly	standard	unverifiable			0	
fanorona	standard	unverifiable			0	
hex	13x13	unverifiable			0	
hex	14x14	unverifiable			0	
hex	19x19	unverifiable			0	
hex	9x9	unverifiable			0	
lattaque	dover-patrol	unverifiable			0	The “Dover Patrol” or Naval Tactics. Published by H.P. Gibson & Sons Ltd., London. Part of the Gibson hidden-rank warfare series alongside L’Attaque, Aviation, and Tri-Tactics. Public domain rule set. Source: original H.P. Gibson & Sons rulebook (sca
lattaque	tri-tactics	unverifiable			0	“Tri-Tactics” or The Great Game of Tactics on Land, Sea and in the Air (Revised Edition). Published by H.P. Gibson & Sons Ltd., London. Part of the Gibson hidden-rank warfare series alongside L’Attaque, Dover Patrol, and Aviation/Battle of Britain. P
morris	morabaraba	unverifiable			0	Morabaraba. South African national game. Public domain. Source: Mind Sports South Africa official rules; Wikipedia (CC-BY-SA).
morris	shax	unverifiable			0	Shax. Traditional game, Somalia. Public domain. Source: Wikipedia (CC-BY-SA); academic literature on East African board games.
nukes	standard	unverifiable			0	
nyout	standard	unverifiable			0	
pachisi	two-player	unverifiable			0	Pachisi. Public domain. Two-player rules from Wikipedia (CC-BY-SA).
royal-ur	standard	unverifiable			0	
senet	standard	unverifiable			0	
shogi	annan-shogi	unverifiable			0	
shogi	chu-shogi	unverifiable			0	
shogi	maka-dai-dai-shogi	unverifiable			0	Maka-Dai-Dai Shogi is a historical Japanese chess variant of unknown precise origin. Rules documented from chessvariants.com/rules/maka-dai-dai-shogi, authored by H. G. Muller.
shogi	standard	unverifiable			0	Standard Shogi. Ancient origin; public domain. Sources: GNU Shogi Manual (GNU Project, public domain); mastersofgames.com rules reference; pychess.org variants documentation.
shogi	tai-shogi	unverifiable			0	Tai Shogi is documented in historical Japanese manuscripts. English documentation is limited; the primary Japanese-language source is referenced via chessvariants.com/link/TaiShogi.
shogi	wa-shogi	unverifiable			0	
stern-halma	super-chinese-checkers	unverifiable			0	Super Chinese Checkers. Variant of Stern-Halma with extended hop rule. Public domain. Rules confirmed from BGG (BoardGameGeek Sternhalma variants discussion).
surakarta	standard	unverifiable			0	
tafl	brandubh	unverifiable			0	
tafl	hnefatafl	unverifiable			0	
tafl	standard	unverifiable			0	
tafl	tawlbwrdd	unverifiable			0	
xiangqi	janggi	unverifiable			0	Janggi (장기). Public domain. Traditional Korean origin, ancient derivation from Xiangqi. Rules consistent with the Korean Janggi Association standard.
xiangqi	standard	unverifiable			0	Xiangqi. Public domain. Ancient Chinese origin, no copyright concern. Rules in accordance with the World Xiangqi Federation (WXF) standard.
landlords-game	1904-original	named	YES	randomness	395	1904 Original. Rules from US Patent 748,626, granted January 5, 1904. Designed by Elizabeth J. Magie. Public domain (patent expired 1921). Sources: US Patent 748,626 (public domain); hoelzl/L3 GitHub repository patent transcription, sourced from land
landlords-game	1906-commercial	named	YES	randomness	370	1906 Commercial Edition. Rules from the Economic Game Company edition, New York, 1906. Designed by Elizabeth J. Magie. Public domain. Source: landlordsgame.info/rules/lg-1906_rulebook.html (transcription via hoelzl/L3 public repository).
landlords-game	single-tax	named			363	Single Tax. Rules from the Economic Game Company edition, New York, 1906. Designed by Elizabeth J. Magie. Public domain. Sources: landlordsgame.info/rules/lg-1906_rulebook.html (transcription via hoelzl/L3 public repository); Wikipedia: The Landlord'
draughts	lasca	named			287	Invented by Emanuel Lasker (World Chess Champion), 1911. Public domain. Source: Wikipedia + Lasker 1911 (CC-BY-SA).
draughts	bashni	named			217	Traditional Russian variant. Public domain. Pre-dates Lasca (1911). Source: Wikipedia (CC-BY-SA).
mancala	sungka	named			202	Sungka. Traditional game, Philippines. Public domain. Source: Wikipedia (CC-BY-SA); Russ, Laurence — *The Complete Mancala Games Book* (1984).
go	ninuki-renju	named			192	Japanese competitive game. Organised by the Ninuki Renju Sha, Japan, 1923-1940. Direct historical precursor to Pente (1977). Public domain. Sources: Renju International Federation (renju.se); Wikipedia (Pente article, Gomoku article).
mancala	congkak	named			191	Congkak. Traditional game, Malay Archipelago. Public domain. Source: Wikipedia (CC-BY-SA); Russ, Laurence — *The Complete Mancala Games Book* (1984).
mancala	pallanguzhi	named			162	Pallanguzhi. Traditional game, Tamil Nadu, India. Public domain. Source: Wikipedia (CC-BY-SA); Russ, Laurence — *The Complete Mancala Games Book* (1984).
mancala	oware	named			160	Oware. Traditional game, Ghana and West Africa. Public domain. Source: Wikipedia (CC-BY-SA); Russ, Laurence — *The Complete Mancala Games Book* (1984).
shogi	tori-shogi	named			152	Tori Shogi was invented by Toyota Genryu (1799). Public domain. Rules documented from pychess.org/variants/torishogi.
draughts	alquerque	named			142	Traditional game. Public domain. Documented in Libro de los Juegos (Alfonso X, 1283). Source: Wikipedia (CC-BY-SA), Murray's A History of Board Games Other Than Chess (1952).
mancala	ayo	named			134	Ayo. Traditional game, Yoruba people, Nigeria. Public domain. Source: Wikipedia (CC-BY-SA); Russ, Laurence — *The Complete Mancala Games Book* (1984).
reversi	standard	named			134	Reversi. Public domain. Invented by Lewis Waterman and John Mollett, England, c. 1883.
go	renju	named			130	Competitive variant of Gomoku. Rules governed by the Renju International Federation. Public domain. The Renju International Federation was founded in Stockholm, Sweden on August 8, 1988.
shogi	dai-shogi	named			127	Historical Japanese game, medieval period. Rules documented from chessvariants.com/rules/dai-shogi (H. G. Muller, 2015).
draughts	dameo	named			113	Dameo. Invented by Christian Freeling (2000). Rules in the public domain; game rules are not subject to copyright. Source: Wikipedia — Dameo article (CC-BY-SA 4.0).
draughts	pool	named			100	Traditional variant. Public domain. Governed by the American Pool Checkers Association (est. 1966). Source: Wikipedia (CC-BY-SA).
xiangqi	minixiangqi	named			100	Minixiangqi was invented by Shigenobu Kusumoto, Osaka, Japan, 1973. Public domain. Rules documented from pychess.org/variants/minixiangqi.
shogi	tenjiku-shogi	named			86	Medieval Japanese game. Rules documented from chessvariants.com/rules/tenjiku-shogi (H. G. Muller; revised A. M. DeWitt, 2026).
reversi	six-by-six	named			83	Six-by-Six Reversi. Public domain variant. Rules identical to Reversi (c. 1883).
reversi	anti-reversi	named			82	Anti-Reversi (Reversed Reversi). Public domain variant of Reversi (c. 1883).
go	sunjang	named			62	Traditional Korean variant. Public domain. Historically the dominant form of Go in Korea until approximately 1920. Source: Wikipedia, Korean Baduk Association historical archives.
go	gomoku	named			53	Ancient Chinese placement game. Public domain. Origin: Japan, around 1905. Source: Murray 1951: 50.
shogi	cannon-shogi	named			52	Cannon Shogi was invented by Peter Michaelsen (February 1998). Public domain. Rules documented from pychess.org/variants/cannonshogi.
landlords-game	monarch-of-the-world	named			45	Monarch of the World. Rules from the Economic Game Company edition, New York, 1906. Designed by Elizabeth J. Magie. Public domain. Source: landlordsgame.info/rules/lg-1906_rulebook.html (transcription via hoelzl/L3 public repository).
halma	standard-2p	named			0	Halma. Invented 1883, George Howard Monks, Boston. Public domain. Rules confirmed from Ludeme/Ludii (Maastricht University game research library) and Atvriders/cards-and-such halma-quiz (independent rules confirmation). Piece count independently conf
halma	standard-4p	named			0	Halma. Invented 1883, George Howard Monks, Boston. Public domain. Rules confirmed from Ludeme/Ludii (Maastricht University game research library) and jeromydarling/heritage-parlor (independent rules and piece count confirmation).
landlords-game	prosperity	named			0	Prosperity. Published by the Adgame Company (Inc.), Washington, D.C., 1932. Designed by Elizabeth Magie Phillips. US Patent 1,509,312 (filed 1923, granted 1924). Public domain (patent expired 1941). Sources: landlordsgame.info (board photographs and 
lattaque	aviation	named			0	Aviation. Published by H.P. Gibson & Sons Ltd., London. Part of the Gibson hidden-rank warfare series alongside L’Attaque, Dover Patrol, and Tri-Tactics. Also included as the air component of Tri-Tactics (revised edition uses “Battle of Britain” them
lattaque	standard	named			0	L'Attaque. Designed by Hermance Edan. French patent No. 396,795 filed 26 November 1908. First published 1910 by Au Jeu Retrouvé, France. Rights acquired 1925 by H.P. Gibson & Sons, London. Public domain rule set. Sources: Wikipedia (L'Attaque); Solom
mancala	bao	named			0	Bao. Traditional game, Tanzania and East Africa. Public domain. Sources: de Voogt, Alex — *Mancala Board Games* (1997); Wikipedia (CC-BY-SA).
pachisi	standard	named			0	Pachisi. Public domain (origin c. 500 CE, precursors to c. 1100 BCE). Sources: Wikipedia (CC-BY-SA); jkc33/senior-project, MIT licence; edm00se/awesome-board-games (public domain listing); labforadvancedstudy/books (historical context).
shogi	kyoto-shogi	named			0	Kyoto Shogi. Invented by Tamiya Katsuya, c. 1976. Rules published freely since at least the 1980s; game mechanics are not copyrightable. Sources: pychess.org/variants/kyotoshogi; Fairy-Stockfish variants.ini engine definition.
shogi	minishogi	named			0	Minishogi. Invented (or rediscovered) c. 1970 by Shigenobu Kusumoto of Osaka. Rules freely published since then; game mechanics are not copyrightable. Sources: pychess.org/variants/minishogi; Fairy-Stockfish variants.ini engine definition.
stern-halma	standard-2p	named			0	Stern-Halma. Originated in Germany, 1892. Public domain. Rules confirmed from mastersofgames.com, Wikipedia, and BGG.
stern-halma	standard-3p	named			0	Stern-Halma. Originated in Germany, 1892. Public domain. Rules confirmed from mastersofgames.com, Wikipedia, and BGG.
stern-halma	standard-4p	named			0	Stern-Halma. Originated in Germany, 1892. Public domain. Rules confirmed from mastersofgames.com, Wikipedia, and BGG.
stern-halma	standard-6p	named			0	Stern-Halma. Originated in Germany, 1892. Public domain. Rules confirmed from mastersofgames.com, Wikipedia, and BGG.
draughts	german	resolvable	YES	hidden-info	112	Traditional variant. Public domain. Rules documented in Parlett, D. (1999) *The Oxford History of Board Games*, p. 252. Sources: Ludeme/Ludii — Damenspiel.lud (SHA 47b7ccc6, Maastricht University Ludii Project); Checkers &amp; Draughts Wiki — Deutsch
shogi	sho-shogi	resolvable			50	Sho Shogi is a historical game, public domain. Rules documented from pychess.org/variants/shoshogi and H.J.R. Murray, *A History of Chess* (Oxford University Press, 1913).
shogi	sankaku-shogi	resolvable			46	Designed by L. Lynn Smith, 2004. Rules documented from chessvariants.com/44.dir/sankaku-shogi.html.
shogi	hex-shogi-91	resolvable			21	Designed by Fergus Duniho. Rules documented from chessvariants.com/hexagonal.dir/hexshogi/hexshogi91.html.  *Note: The original build spec described this as a 3-player game. The actual game is 2-player.*
shogi	mortal-shogi	resolvable			15	Designed by Roberto Lavieri and Fergus Duniho. Rules documented from chessvariants.com/shogivariants.dir/mortalshogi.html.
morris	lasker-morris	resolvable			0	Lasker Morris. Designed by Emanuel Lasker, World Chess Champion. Public domain rules. Source: Wikipedia (CC-BY-SA); Murray, H.J.R. — *A History of Board-Games Other Than Chess* (1952, Oxford University Press).
morris	nine-mens-morris	resolvable			0	Nine Men's Morris. Traditional game, Roman origin, medieval Europe. Public domain. Source: Murray, H.J.R. — *A History of Board-Games Other Than Chess* (1952, Oxford University Press); Wikipedia (CC-BY-SA).
morris	six-mens-morris	resolvable			0	Six Men's Morris. Traditional game, medieval Europe. Public domain. Source: Murray, H.J.R. — *A History of Board-Games Other Than Chess* (1952, Oxford University Press); Wikipedia (CC-BY-SA).
morris	three-mens-morris	resolvable			0	Three Men's Morris. Traditional game, Roman and medieval European origin. Public domain. Source: Murray, H.J.R. — *A History of Board-Games Other Than Chess* (1952, Oxford University Press); Wikipedia (CC-BY-SA).
morris	twelve-mens-morris	resolvable			0	Twelve Men's Morris. Traditional game. Public domain. Source: Murray, H.J.R. — *A History of Board-Games Other Than Chess* (1952, Oxford University Press); Wikipedia (CC-BY-SA).
shogi	four-player-shogi	resolvable			0	Designed by Michael Shipley, 1999. Rules documented from chessvariants.com/shogivariants.dir/fourplayer.html.
shogi	heian-shogi	resolvable			0	
shogi	judkins-shogi	resolvable			0	
shogi	taikyoku-shogi	resolvable			0	Taikyoku Shogi is documented in a single known Japanese manuscript. English transcription by L. Lynn Smith, with thanks to Patrick Davin. Source: chessvariants.com/shogivariants.dir/taikyoku_english.html
shogi	yari-shogi	resolvable			0	
xiangqi	quang-trung	resolvable			0	
xiangqi	san-kwo-ki	resolvable			0	
xiangqi	xiangqi-42	resolvable			0	
xiangqi	yang-qi	resolvable			0	
